{"cameraMode":{"drawMode":0,"name":"Shaded","section":"Shading Mode"},"sceneLighting":true,"audioPlay":false,"sceneViewState":{"showFog":true,"showMaterialUpdate":false,"showSkybox":true,"showFlares":true,"showImageEffects":true,"showParticleSystems":true},"in2DMode":false,"pivot":{"x":-0.668768584728241,"y":0.9549260139465332,"z":4.683961868286133},"rotation":{"x":-0.0028594115283340217,"y":0.9945502281188965,"z":-0.10029131174087525,"w":-0.02834426611661911},"size":0.9213220477104187,"orthographic":false}